,material_id,E,U,Y,El
0,mp-9950,59.37629787,496.964,322.9,8.995172975
